State,District,Market,Latitude,Longitude
Andhra Pradesh,Annamayya,Valmikipuram APMC,13.8765,78.9261
Andhra Pradesh,Chittor,Madanapalli APMC,13.5500,78.5000
Andhra Pradesh,West Godavari,Chintalapudi APMC,16.9833,81.0833
Assam,Nagaon,Ambagan APMC,26.3500,92.6833
Assam,Nagaon,Haibargaon APMC,26.3500,92.6667
Chandigarh,Chandigarh,Chandigarh(Grain/Fruit) APMC,30.7333,76.7794
Gujarat,Amreli,Babra APMC,21.8500,71.3000
Gujarat,Amreli,Damnagar APMC,21.6833,71.5167
Gujarat,Gir Somnath,Una APMC,20.8167,71.0333
Gujarat,Rajkot,Dhoraji APMC,21.7333,70.4500
Gujarat,Surat,Songadh APMC,21.1667,73.5667
Gujarat,Surat,Songadh(Badarpada) APMC,21.1667,73.5667
Gujarat,Surat,Songadh(Umrada) APMC,21.1667,73.5667
Haryana,Gurgaon,Gurgaon APMC,28.4595,77.0266
Haryana,Mahendragarh-Narnaul,Narnaul APMC,28.0444,76.1083
Haryana,Panipat,Panipat APMC,29.3886,76.9681
Haryana,Rewari,Kosli APMC,28.4000,76.7000
Haryana,Rewari,Rewari APMC,28.1833,76.6167
Haryana,Sonipat,Ganaur APMC,29.0667,77.1333
Himachal Pradesh,Kangra,PMY Kangra,32.1000,76.2667
Himachal Pradesh,Kangra,SMY Baijnath,32.0500,76.6500
Himachal Pradesh,Kangra,SMY Jaisinghpur,32.1000,76.1000
Himachal Pradesh,Kangra,SMY Nagrota Bagwan,32.1167,76.3833
Himachal Pradesh,Mandi,SMY Takoli,31.7000,76.9500
Himachal Pradesh,Shimla,SMY Rohroo,31.2000,77.7500
Kerala,Alappuzha,Chengannur APMC,9.3167,76.6167
Kerala,Alappuzha,Harippad APMC,9.2833,76.4667
Kerala,Ernakulam,North Paravur APMC,10.1500,76.2333
Kerala,Ernakulam,Thrippunithura APMC,9.9500,76.3500
Kerala,Kannur,Payyannur APMC,12.1000,75.2000
Kerala,Kannur,Taliparamba APMC,12.0500,75.3500
Kerala,Kollam,Kulathoopuzha VFPCK APMC,8.9000,76.9000
Kerala,Kottayam,Pampady APMC,9.5667,76.6500
Kerala,Malappuram,Kottakkal APMC,11.0000,76.0000
Kerala,Malappuram,Mankada VFPCK APMC,11.0167,76.1667
Kerala,Pathanamthitta,Enadimangalam VFPCK APMC,9.2667,76.7833
Kerala,Thirssur,Karalam VFPCK APMC,10.4000,76.2167
Kerala,Thirssur,Kodungalloor APMC,10.2167,76.2000
Kerala,Thirssur,Thottippal VFPCK APMC,10.4500,76.3000
Kerala,Wayanad,Pulpally APMC,11.7167,76.2167
Madhya Pradesh,Badwani,Sendhwa(F&V) APMC,21.6833,75.0500
Madhya Pradesh,Dhar,Badnawar APMC,23.0167,75.2333
Madhya Pradesh,Dhar,Manawar APMC,22.2333,75.0833
Nagaland,Wokha,Baghty APMC,26.1000,94.2667
Nagaland,Wokha,Wokha Town APMC,26.1000,94.2667
Odisha,Boudh,Boudh APMC,20.8333,84.3167
Odisha,Cuttack,Banki APMC,20.3833,85.5333
Odisha,Dhenkanal,Hindol APMC,20.6333,85.1833
Punjab,Fazilka,Jalalabad APMC,30.6062,74.2582
Punjab,Gurdaspur,Kalanaur APMC,32.0167,75.1500
Punjab,Hoshiarpur,Garh Shankar(Mahalpur) APMC,31.2167,76.1333
Punjab,Hoshiarpur,Mukerian APMC,31.5833,75.6167
Punjab,Hoshiarpur,Tanda Urmur APMC,31.4167,75.6333
Punjab,Ludhiana,Doraha APMC,30.8167,76.0333
Punjab,Ludhiana,Khanna APMC,30.7000,76.2167
Punjab,Ludhiana,Sahnewal APMC,30.8500,75.9667
Punjab,Ludhiana,Samrala APMC,30.8333,76.1833
Punjab,Ludhiana,Ludhiana APMC,30.9010,75.8573
Punjab,Ludhiana,Ludhiana,30.9010,75.8573
Punjab,Moga,Baghapurana APMC,30.6667,75.1000
Punjab,Moga,Nihal Singh Wala APMC,30.5840,75.1140
Punjab,Mohali,Dera Bassi APMC,30.5833,76.8333
Punjab,Mohali,Kharar APMC,30.7333,76.6500
Punjab,Mohali,Kurali APMC,30.8333,76.5667
Punjab,Patiala,Ghanaur APMC,30.3333,76.6000
Punjab,Ropar (Rupnagar),Morinda APMC,30.7833,76.5000
Punjab,Sangrur,Ahmedgarh APMC,30.6833,75.8167
Punjab,Tarntaran,Bhikhiwind APMC,31.4333,74.7667
Punjab,Tarntaran,Tarantaran APMC,31.4500,74.6500
Rajasthan,Bikaner,Sridungargarh APMC,28.0833,74.0167
Rajasthan,Chittorgarh,Kapasan APMC,24.8833,74.5167
Rajasthan,Churu,Churu APMC,28.2900,74.9680
Rajasthan,Ganganagar,Sriganganagar (F&V) APMC,29.9167,73.8833
Rajasthan,Hanumangarh,Rawatsar APMC,29.2672,74.4029
Rajasthan,Rajsamand,Rajsamand APMC,25.0667,73.8833
Rajasthan,Sanchore,Sanchore APMC,24.7500,71.7667
Tamil Nadu,Ariyalur,Ariyalur(Uzhavar Sandhai) APMC,11.1333,79.0833
Tamil Nadu,Coimbatore,Kurichi(Uzhavar Sandhai ) APMC,11.0167,76.9500
Tamil Nadu,Coimbatore,Mettupalayam(Uzhavar Sandhai ) APMC,11.3000,76.9333
Tamil Nadu,Coimbatore,Pollachi(Uzhavar Sandhai ) APMC,10.6667,77.0167
Tamil Nadu,Coimbatore,RSPuram(Uzhavar Sandhai ) APMC,11.0167,76.9667
Tamil Nadu,Coimbatore,Singanallur(Uzhavar Sandhai ) APMC,11.0000,77.0333
Tamil Nadu,Coimbatore,Sundarapuram(Uzhavar Sandhai ) APMC,11.0000,76.9500
Tamil Nadu,Coimbatore,Udumalpet APMC,10.5833,77.2500
Tamil Nadu,Coimbatore,Vadavalli(Uzhavar Sandhai ) APMC,11.0167,76.9000
Tamil Nadu,Dharmapuri,Karimangalam(Uzhavar Sandhai),12.3000,78.1500
Tamil Nadu,Dindigul,Vedasanthur(Uzhavar Sandhai ) APMC,10.5333,77.9500
Tamil Nadu,Erode,Gobichettipalayam(Uzhavar Sandhai ) APMC,11.4500,77.4333
Tamil Nadu,Erode,Sampath Nagar(Uzhavar Sandhai ) APMC,11.3500,77.7333
Tamil Nadu,Erode,Sathiyamagalam(Uzhavar Sandhai ) APMC,11.5167,77.2500
Tamil Nadu,Karur,Gandhigramam(Uzhavar Sandhai),10.9500,78.0833
Tamil Nadu,Karur,Karur(Uzhavar Sandhai ) APMC,10.9500,78.0833
Tamil Nadu,Nagapattinam,Mayiladuthurai(Uzhavar Sandhai ) APMC,11.1000,79.6500
Tamil Nadu,Nagapattinam,Vedaranyam APMC,10.3667,79.8500
Tamil Nadu,Nagapattinam,Vedaranyam(Uzhavar Sandhai),10.3667,79.8500
Tamil Nadu,Namakkal,Paramathivelur(Uzhavar Sandhai ) APMC,11.0667,78.1667
Tamil Nadu,Namakkal,Tiruchengode APMC,11.3667,77.8833
Tamil Nadu,Pudukkottai,Gandarvakottai(Uzhavar Sandhai ) APMC,10.5667,78.8000
Tamil Nadu,Pudukkottai,Ponnamaravathi(Uzhavar Sandhai),10.2833,78.5667
Tamil Nadu,Salem,Mecheri(Uzhavar Sandhai),11.8333,77.9500
Tamil Nadu,Salem,Thammampatti (Uzhavar Sandhai ) APMC,11.4500,78.5167
Tamil Nadu,Thanjavur,Kumbakonam (Uzhavar Sandhai ) APMC,10.9667,79.3833
Tamil Nadu,Thanjavur,Papanasam(Uzhavar Sandhai ) APMC,10.9333,79.2833
Tamil Nadu,Thiruvannamalai,Cheyyar(Uzhavar Sandhai ) APMC,12.6667,79.5500
Tamil Nadu,Thiruvarur,Tiruvarur(Uzhavar Sandhai ) APMC,10.7667,79.6333
Tamil Nadu,Vellore,Pallikonda(Uzhavar Sandhai),12.9167,78.9333
Tamil Nadu,Vellore,Perampet(Uzhavar Sandhai),12.9333,78.7167
Tamil Nadu,Villupuram,Avalurpet APMC,12.0833,79.2000
Tamil Nadu,Villupuram,Tindivanam APMC,12.2333,79.6500
Tamil Nadu,Villupuram,Ulundurpettai APMC,11.6833,79.3000
Telangana,Karimnagar,Huzzurabad APMC,18.2000,79.4000
Telangana,Karimnagar,V.Saidapur APMC,18.2167,79.5333
Telangana,Mahbubnagar,Sathupally APMC,16.8000,78.2000
Telangana,Ranga Reddy,Chevella APMC,17.3000,78.1333
Tripura,Dhalai,Gandacharra APMC,23.6167,91.9667
Tripura,North Tripura,Dasda APMC,24.1167,92.0167
Tripura,West District,Kamalghat,23.8167,91.3000
Uttar Pradesh,Amroha,Hasanpur APMC,28.7167,78.2833
Uttar Pradesh,Badaun,Bisoli APMC,28.1333,79.0000
Uttar Pradesh,Balrampur,Tulsipur APMC,27.5500,82.4167
Uttar Pradesh,Bulandshahar,Gulavati APMC,28.4000,77.8500
Uttar Pradesh,Etawah,Jasvantnagar APMC,26.7667,79.0333
Uttar Pradesh,Hathras,Shadabad APMC,27.6500,78.0500
Uttar Pradesh,Hathras,Sikandraraau APMC,27.5333,78.3833
Uttar Pradesh,Shravasti,Payagpur APMC,27.6000,82.0000
Uttarakhand,Haridwar,Haridwar Union APMC,29.9167,78.1667
West Bengal,Darjeeling,Darjeeling APMC,27.0333,88.2667
West Bengal,Darjeeling,Karsiyang(Matigara) APMC,26.8833,88.2833
West Bengal,Darjeeling,Siliguri APMC,26.7167,88.4333
West Bengal,Medinipur(E),Kolaghat APMC,22.4333,87.8667
West Bengal,Medinipur(E),Tamluk (Medinipur E) APMC,22.3000,87.9167
West Bengal,Paschim Bardhaman,Durgapur APMC,23.4833,87.3167
West Bengal,Purba Bardhaman,Burdwan APMC,23.2333,87.8667
West Bengal,Uttar Dinajpur,Raiganj APMC,25.6167,88.1167
Jammu and Kashmir,Anantnag,Kulgam,33.6500,75.0167
Jammu and Kashmir,Badgam,Zaloosa-Chararishrief (F&V),34.0167,74.7333
Jammu and Kashmir,Baramulla,Kanispora Baramulla (F&V),34.2000,74.3500
Jammu and Kashmir,Baramulla,Nowpora,34.1667,74.3667
Jammu and Kashmir,Jammu,Akhnoor,32.9012,74.7432
Jammu and Kashmir,Jammu,Batote,33.1000,75.3167
Jammu and Kashmir,Jammu,Narwal Jammu (F&V),32.7266,74.8570
Jammu and Kashmir,Jammu,Narwal Jammu (F&V) APMC,32.7266,74.8570
Jammu and Kashmir,Jammu,Samba,32.5624,75.1198
Jammu and Kashmir,Kathua,Kathua,32.3862,75.5183
Jammu and Kashmir,Kupwara,HandwaraFV,34.4000,74.2833
Jammu and Kashmir,Pulwama,Pulwama (F&V),33.8833,74.9167
Jammu and Kashmir,Pulwama,Shopian,33.7167,74.8333
Jammu and Kashmir,Rajouri,Rajouri (F&V),33.3833,74.3167
Jammu and Kashmir,Srinagar,Parimpore,34.0833,74.7833
Jammu and Kashmir,Udhampur,Reasi,33.0833,74.8333
Jammu and Kashmir,Udhampur,Udhampur,32.9153,75.1392