State,District,Market
Andhra Pradesh,Annamayya,Valmikipuram APMC
Andhra Pradesh,Chittor,Madanapalli APMC
Andhra Pradesh,West Godavari,Chintalapudi APMC
Assam,Nagaon,Ambagan APMC
Assam,Nagaon,Haibargaon APMC
Chandigarh,Chandigarh,Chandigarh(Grain/Fruit) APMC
Gujarat,Amreli,Babra APMC
Gujarat,Amreli,Damnagar APMC
Gujarat,Gir Somnath,Una APMC
Gujarat,Rajkot,Dhoraji APMC
Gujarat,Surat,Songadh APMC
Gujarat,Surat,Songadh(Badarpada) APMC
Gujarat,Surat,Songadh(Umrada) APMC
Haryana,Gurgaon,Gurgaon APMC
Haryana,Mahendragarh-Narnaul,Narnaul APMC
Haryana,Panipat,Panipat APMC
Haryana,Rewari,Kosli APMC
Haryana,Rewari,Rewari APMC
Haryana,Sonipat,Ganaur APMC
Himachal Pradesh,Kangra,PMY Kangra
Himachal Pradesh,Kangra,SMY Baijnath
Himachal Pradesh,Kangra,SMY Jaisinghpur
Himachal Pradesh,Kangra,SMY Nagrota Bagwan
Himachal Pradesh,Mandi,SMY Takoli
Himachal Pradesh,Shimla,SMY Rohroo
Kerala,Alappuzha,Chengannur APMC
Kerala,Alappuzha,Harippad APMC
Kerala,Ernakulam,North Paravur APMC
Kerala,Ernakulam,Thrippunithura APMC
Kerala,Kannur,Payyannur APMC
Kerala,Kannur,Taliparamba APMC
Kerala,Kollam,Kulathoopuzha VFPCK APMC
Kerala,Kottayam,Pampady APMC
Kerala,Malappuram,Kottakkal APMC
Kerala,Malappuram,Mankada VFPCK APMC
Kerala,Pathanamthitta,Enadimangalam VFPCK APMC
Kerala,Thirssur,Karalam VFPCK APMC
Kerala,Thirssur,Kodungalloor APMC
Kerala,Thirssur,Thottippal VFPCK APMC
Kerala,Wayanad,Pulpally APMC
Madhya Pradesh,Badwani,Sendhwa(F&V) APMC
Madhya Pradesh,Dhar,Badnawar APMC
Madhya Pradesh,Dhar,Manawar APMC
Nagaland,Wokha,Baghty APMC
Nagaland,Wokha,Wokha Town APMC
Odisha,Boudh,Boudh APMC
Odisha,Cuttack,Banki APMC
Odisha,Dhenkanal,Hindol APMC
Punjab,Fazilka,Jalalabad APMC
Punjab,Gurdaspur,Kalanaur APMC
Punjab,Hoshiarpur,Garh Shankar(Mahalpur) APMC
Punjab,Hoshiarpur,Mukerian APMC
Punjab,Hoshiarpur,Tanda Urmur APMC
Punjab,Ludhiana,Doraha APMC
Punjab,Ludhiana,Khanna APMC
Punjab,Ludhiana,Sahnewal APMC
Punjab,Ludhiana,Samrala APMC
Punjab,Ludhiana,Ludhiana APMC
Punjab,Ludhiana,Ludhiana
Punjab,Moga,Baghapurana APMC
Punjab,Moga,Nihal Singh Wala APMC
Punjab,Mohali,Dera Bassi APMC
Punjab,Mohali,Kharar APMC
Punjab,Mohali,Kurali APMC
Punjab,Patiala,Ghanaur APMC
Punjab,Ropar (Rupnagar),Morinda APMC
Punjab,Sangrur,Ahmedgarh APMC
Punjab,Tarntaran,Bhikhiwind APMC
Punjab,Tarntaran,Tarantaran APMC
Rajasthan,Bikaner,Sridungargarh APMC
Rajasthan,Chittorgarh,Kapasan APMC
Rajasthan,Churu,Churu APMC
Rajasthan,Ganganagar,Sriganganagar (F&V) APMC
Rajasthan,Hanumangarh,Rawatsar APMC
Rajasthan,Rajsamand,Rajsamand APMC
Rajasthan,Sanchore,Sanchore APMC
Tamil Nadu,Ariyalur,Ariyalur(Uzhavar Sandhai) APMC
Tamil Nadu,Coimbatore,Kurichi(Uzhavar Sandhai ) APMC
Tamil Nadu,Coimbatore,Mettupalayam(Uzhavar Sandhai ) APMC
Tamil Nadu,Coimbatore,Pollachi(Uzhavar Sandhai ) APMC
Tamil Nadu,Coimbatore,RSPuram(Uzhavar Sandhai ) APMC
Tamil Nadu,Coimbatore,Singanallur(Uzhavar Sandhai ) APMC
Tamil Nadu,Coimbatore,Sundarapuram(Uzhavar Sandhai ) APMC
Tamil Nadu,Coimbatore,Udumalpet APMC
Tamil Nadu,Coimbatore,Vadavalli(Uzhavar Sandhai ) APMC
Tamil Nadu,Dharmapuri,Karimangalam(Uzhavar Sandhai)
Tamil Nadu,Dindigul,Vedasanthur(Uzhavar Sandhai ) APMC
Tamil Nadu,Erode,Gobichettipalayam(Uzhavar Sandhai ) APMC
Tamil Nadu,Erode,Sampath Nagar(Uzhavar Sandhai ) APMC
Tamil Nadu,Erode,Sathiyamagalam(Uzhavar Sandhai ) APMC
Tamil Nadu,Karur,Gandhigramam(Uzhavar Sandhai)
Tamil Nadu,Karur,Karur(Uzhavar Sandhai ) APMC
Tamil Nadu,Nagapattinam,Mayiladuthurai(Uzhavar Sandhai ) APMC
Tamil Nadu,Nagapattinam,Vedaranyam APMC
Tamil Nadu,Nagapattinam,Vedaranyam(Uzhavar Sandhai)
Tamil Nadu,Namakkal,Paramathivelur(Uzhavar Sandhai ) APMC
Tamil Nadu,Namakkal,Tiruchengode APMC
Tamil Nadu,Pudukkottai,Gandarvakottai(Uzhavar Sandhai ) APMC
Tamil Nadu,Pudukkottai,Ponnamaravathi(Uzhavar Sandhai)
Tamil Nadu,Salem,Mecheri(Uzhavar Sandhai)
Tamil Nadu,Salem,Thammampatti (Uzhavar Sandhai ) APMC
Tamil Nadu,Thanjavur,Kumbakonam (Uzhavar Sandhai ) APMC
Tamil Nadu,Thanjavur,Papanasam(Uzhavar Sandhai ) APMC
Tamil Nadu,Thiruvannamalai,Cheyyar(Uzhavar Sandhai ) APMC
Tamil Nadu,Thiruvarur,Tiruvarur(Uzhavar Sandhai ) APMC
Tamil Nadu,Vellore,Pallikonda(Uzhavar Sandhai)
Tamil Nadu,Vellore,Perampet(Uzhavar Sandhai)
Tamil Nadu,Villupuram,Avalurpet APMC
Tamil Nadu,Villupuram,Tindivanam APMC
Tamil Nadu,Villupuram,Ulundurpettai APMC
Telangana,Karimnagar,Huzzurabad APMC
Telangana,Karimnagar,V.Saidapur APMC
Telangana,Mahbubnagar,Sathupally APMC
Telangana,Ranga Reddy,Chevella APMC
Tripura,Dhalai,Gandacharra APMC
Tripura,North Tripura,Dasda APMC
Tripura,West District,Kamalghat
Uttar Pradesh,Amroha,Hasanpur APMC
Uttar Pradesh,Badaun,Bisoli APMC
Uttar Pradesh,Balrampur,Tulsipur APMC
Uttar Pradesh,Bulandshahar,Gulavati APMC
Uttar Pradesh,Etawah,Jasvantnagar APMC
Uttar Pradesh,Hathras,Shadabad APMC
Uttar Pradesh,Hathras,Sikandraraau APMC
Uttar Pradesh,Shravasti,Payagpur APMC
Uttarakhand,Haridwar,Haridwar Union APMC
West Bengal,Darjeeling,Darjeeling APMC
West Bengal,Darjeeling,Karsiyang(Matigara) APMC
West Bengal,Darjeeling,Siliguri APMC
West Bengal,Medinipur(E),Kolaghat APMC
West Bengal,Medinipur(E),Tamluk (Medinipur E) APMC
West Bengal,Paschim Bardhaman,Durgapur APMC
West Bengal,Purba Bardhaman,Burdwan APMC
West Bengal,Uttar Dinajpur,Raiganj APMC
Jammu and Kashmir,Anantnag,Kulgam
Jammu and Kashmir,Badgam,Zaloosa-Chararishrief (F&V)
Jammu and Kashmir,Baramulla,Kanispora Baramulla (F&V)
Jammu and Kashmir,Baramulla,Nowpora
Jammu and Kashmir,Jammu,Akhnoor
Jammu and Kashmir,Jammu,Batote
Jammu and Kashmir,Jammu,Narwal Jammu (F&V)
Jammu and Kashmir,Jammu,Narwal Jammu (F&V) APMC
Jammu and Kashmir,Jammu,Samba
Jammu and Kashmir,Kathua,Kathua
Jammu and Kashmir,Kupwara,HandwaraFV
Jammu and Kashmir,Pulwama,Pulwama (F&V)
Jammu and Kashmir,Pulwama,Shopian
Jammu and Kashmir,Rajouri,Rajouri (F&V)
Jammu and Kashmir,Srinagar,Parimpore
Jammu and Kashmir,Udhampur,Reasi
Jammu and Kashmir,Udhampur,Udhampur
